order_id,sku_id,product_name,category,vendor,return_reason_dropdown,return_reason_text
ORD-10041,SKU-KRT-2291,Anarkali Kurti Blue,womenswear,Tiruppur-V3,Other,"size bahut badi hai, chest area fit nahi ho raha"
ORD-10042,SKU-KRT-2291,Anarkali Kurti Blue,womenswear,Tiruppur-V3,Other,"size chart mein L likha tha par yeh XL jaisi hai"
ORD-10043,SKU-LGG-0982,Cotton Leggings Black,womenswear,Jaipur-V7,Damaged,"seam se toot gayi pehli baar pehne mein"
ORD-10044,SKU-KRT-2291,Anarkali Kurti Blue,womenswear,Tiruppur-V3,Other,"fit bilkul sahi nahi, kamar se tight chest se loose"
ORD-10045,SKU-KDS-1102,Boys Printed Tshirt,kidswear,Tiruppur-V1,Other,"colour photo jaisa nahi, real mein bahut dark hai"
ORD-10046,SKU-KRT-3341,Straight Kurti White,womenswear,Tiruppur-V3,Other,"length choti hai, knee tak nahi aati"
ORD-10047,SKU-KRT-2291,Anarkali Kurti Blue,womenswear,Tiruppur-V3,Other,"L size order kiya tha medium jaisi aayi"
ORD-10048,SKU-LGG-0982,Cotton Leggings Black,womenswear,Jaipur-V7,Other,"elastic bahut tight hai, uncomfortable"
ORD-10049,SKU-MEN-0441,Men Polo Tshirt Navy,mens,Tiruppur-V2,Other,"fabric rough hai, website pe soft cotton likha tha"
ORD-10050,SKU-KDS-1102,Boys Printed Tshirt,kidswear,Tiruppur-V1,Size mismatch,""
ORD-10051,SKU-KRT-3341,Straight Kurti White,womenswear,Tiruppur-V3,Other,"photo mein white dixa but yellowish aayi"
ORD-10052,SKU-KRT-2291,Anarkali Kurti Blue,womenswear,Tiruppur-V3,Other,"size guide follow ki phir bhi fit nahi hua"
ORD-10053,SKU-KDS-0881,Girls Frock Pink,kidswear,Jaipur-V9,Other,"age 5-6 size hai but meri 5 year ki bachi ko fit nahi"
ORD-10054,SKU-LGG-0982,Cotton Leggings Black,womenswear,Jaipur-V7,Other,"waist size M but thighs ke liye tight"
ORD-10055,SKU-MEN-0441,Men Polo Tshirt Navy,mens,Tiruppur-V2,Other,"collar stitching alag ho rahi thi"
ORD-10056,SKU-KRT-3341,Straight Kurti White,womenswear,Tiruppur-V3,Other,"material bahut patla hai, transparent lagta hai"
ORD-10057,SKU-KRT-2291,Anarkali Kurti Blue,womenswear,Tiruppur-V3,Quality issue,""
ORD-10058,SKU-KDS-1102,Boys Printed Tshirt,kidswear,Tiruppur-V1,Other,"print itna fade tha jaise purani shirt ho"
ORD-10059,SKU-KRT-2844,Palazzo Set Green,womenswear,Jaipur-V11,Other,"set mein dono pieces ka shade match nahi karta"
ORD-10060,SKU-LGG-0982,Cotton Leggings Black,womenswear,Jaipur-V7,Other,"XL liya tha, L size ke barabar nikla"
ORD-10061,SKU-KRT-2844,Palazzo Set Green,womenswear,Jaipur-V11,Other,"palazzo ki length bahut choti, almost knee tak hi"
ORD-10062,SKU-MEN-0441,Men Polo Tshirt Navy,mens,Tiruppur-V2,Other,"size M liya tha, bahut bada tha body se"
ORD-10063,SKU-KRT-3341,Straight Kurti White,womenswear,Tiruppur-V3,Other,"side slits nahi hain jabki photo mein dikhaye the"
ORD-10064,SKU-KDS-0881,Girls Frock Pink,kidswear,Jaipur-V9,Other,"frock ka bow detach ho gaya box se nikalne ke baad"
ORD-10065,SKU-KRT-2291,Anarkali Kurti Blue,womenswear,Tiruppur-V3,Other,"neckline alag hai, V neck chahiye tha round aayi"
ORD-10066,SKU-KRT-2844,Palazzo Set Green,womenswear,Jaipur-V11,Other,"top mein armhole bahut tight, arms raise nahi ho pa rahe"
ORD-10067,SKU-LGG-0982,Cotton Leggings Black,womenswear,Jaipur-V7,Other,"pilling ho rahi thi washing ke baad"
ORD-10068,SKU-KRT-3341,Straight Kurti White,womenswear,Tiruppur-V3,Other,"stitching kharab hai, side mein alag ho rahi"
ORD-10069,SKU-KDS-1102,Boys Printed Tshirt,kidswear,Tiruppur-V1,Other,"size 7-8 years hai but mujhe 10 year wala chahiye tha, mistake meri thi"
ORD-10070,SKU-MEN-0441,Men Polo Tshirt Navy,mens,Tiruppur-V2,Other,"navy colour expect kiya tha, royal blue jaisi aayi"
ORD-10071,SKU-KRT-2291,Anarkali Kurti Blue,womenswear,Tiruppur-V3,Other,"sleeves short hain, 3/4 expected kiya tha"
ORD-10072,SKU-KRT-2844,Palazzo Set Green,womenswear,Jaipur-V11,Other,"fabric acrylic feel ho rahi hai, site pe cotton likha"
ORD-10073,SKU-LGG-0982,Cotton Leggings Black,womenswear,Jaipur-V7,Other,"ankles ke paas bahut tight, blood circulation rok rahi"
ORD-10074,SKU-KDS-0881,Girls Frock Pink,kidswear,Jaipur-V9,Other,"colour bahut dark pink hai, baby pink chahiye tha"
ORD-10075,SKU-KRT-3341,Straight Kurti White,womenswear,Tiruppur-V3,Other,"embroidery thread alag rang ka hai photo se"
ORD-10076,SKU-MEN-0441,Men Polo Tshirt Navy,mens,Tiruppur-V2,Other,"armpits mein awkward stitch marks hain"
ORD-10077,SKU-KRT-2291,Anarkali Kurti Blue,womenswear,Tiruppur-V3,Other,"hip measurement theek hai but waist pe fold ho raha"
ORD-10078,SKU-KDS-1102,Boys Printed Tshirt,kidswear,Tiruppur-V1,Other,"character print thoda alag tha original se"
ORD-10079,SKU-KRT-2844,Palazzo Set Green,womenswear,Jaipur-V11,Other,"waistband elastic loose ho gayi pehli washing ke baad"
ORD-10080,SKU-LGG-0982,Cotton Leggings Black,womenswear,Jaipur-V7,Damaged,"hole tha fabric mein, manufacturing defect"
